Nom Alliage	Prix (US$/kg)	E (GPa)	Ni	Cr	Fe	C	Cu	Ti	W	Al	Nb	Co	S	P	Mn	Si	Mo	N	Zn	PREN	CCT 	Vcorr (micromètre/an)	T (°K)	[O2] dans le milieu	[HCl]	[Cl-] hors HCL	[Fe3+]	[H2SO4]/[HNO3]	[HBR]	[SO2] . [CO2/H2S]	Fe2SO4	[ions métalliques] [Na-.K-] hors acidifiant	Force appliquée (N.m)	Vitesse du courant (m/s)
N0625	43.18	206	62	22	5	0.1	0.5	0.4	0	0.13	3.5	0.27	0	0.01	0.32	1	9	0.086	0	40.8	40	130	303.15	0	10	0	0	0	0	0	0	0	0	0
N0625	43.18	206	62	22	5	0.1	0.5	0.4	0	0.13	3.5	0.28	0	0.02	0.33	1	9	0.087	0	40.8	40	130	298.15	0	30	0	0	0	0	0	0	0	0	0
N0625	43.18	206	62	22	5	0.1	0.5	0.4	0	0.13	3.5	0.29	0	0.03	0.34	1	9	0.088	0	40.8	40	130	300.15	0	20	0	0	0	0	0	0	0	0	0
N0625	43.18	206	62	22	5	0.1	0.5	0.4	0	0.13	3.5	0.30	0	0.04	0.35	1	9	0.089	0	40.8	40	510	312.65	0	10	0	0	0	0	0	0	0	0	0
N0625	43.18	206	62	22	5	0.1	0.5	0.4	0	0.13	3.5	0.31	0	0.05	0.36	1	9	0.090	0	40.8	40	510	312.65	0	20	0	0	0	0	0	0	0	0	0
N0625	43.18	206	62	22	5	0.1	0.5	0.4	0	0.13	3.5	0.32	0	0.06	0.37	1	9	0.091	0	40.8	40	510	312.65	0	30	0	0	0	0	0	0	0	0	0
N0625	43.18	206	62	22	5	0.1	0.5	0.4	0	0.13	3.5	0.33	0	0.07	0.38	1	9	0.092	0	40.8	40	510	312.65	0	40	0	0	0	0	0	0	0	0	0
N0625	43.18	206	62	22	5	0.1	0.5	0.4	0	0.13	3.5	0.34	0	0.08	0.39	1	9	0.093	0	40.8	40	1300	326.15	0	10	0	0	0	0	0	0	0	0	0
N0625	43.18	206	62	22	5	0.1	0.5	0.4	0	0.13	3.5	0.35	0	0.09	0.40	1	9	0.094	0	40.8	40	1300	328.15	0	20	0	0	0	0	0	0	0	0	0
N0625	43.18	206	62	22	5	0.1	0.5	0.4	0	0.13	3.5	0.36	0	0.10	0.41	1	9	0.095	0	40.8	40	1300	336.15	0	30	0	0	0	0	0	0	0	0	0
N0625	43.18	206	62	22	5	0.1	0.5	0.4	0	0.13	3.5	0.37	0	0.11	0.42	1	9	0.096	0	40.8	40	130	358.15	0	0	0	0	0	0	0	0	0	0	0
N0625	43.18	206	62	22	5	0.1	0.5	0.4	0	0.13	3.5	0.38	0	0.12	0.43	1	9	0.097	0	40.8	40	130	355.15	0	0	0	0	20	0	0	0	0	0	0
N0625	43.18	206	62	22	5	0.1	0.5	0.4	0	0.13	3.5	0.39	0	0.13	0.44	1	9	0.098	0	40.8	40	130	350.15	0	0	0	0	40	0	0	0	0	0	0
N0625	43.18	206	62	22	5	0.1	0.5	0.4	0	0.13	3.5	0.40	0	0.14	0.45	1	9	0.099	0	40.8	40	130	336.15	0	0	0	0	60	0	0	0	0	0	0
N0625	43.18	206	62	22	5	0.1	0.5	0.4	0	0.13	3.5	0.41	0	0.15	0.46	1	9	0.100	0	40.8	40	130	311.15	0	0	0	0	80	0	0	0	0	0	0
N0625	43.18	206	62	22	5	0.1	0.5	0.4	0	0.13	3.5	0.42	0	0.16	0.47	1	9	0.101	0	40.8	40	130	363.65	0	0	0	0	100	0	0	0	0	0	0
N0625	43.18	206	62	22	5	0.1	0.5	0.4	0	0.13	3.5	0.43	0	0.17	0.48	1	9	0.102	0	40.8	40	510	366.15	0	0	0	0	0	0	0	0	0	0	0
N0625	43.18	206	62	22	5	0.1	0.5	0.4	0	0.13	3.5	0.44	0	0.18	0.49	1	9	0.103	0	40.8	40	510	366.15	0	0	0	0	20	0	0	0	0	0	0
N0625	43.18	206	62	22	5	0.1	0.5	0.4	0	0.13	3.5	0.45	0	0.19	0.50	1	9	0.104	0	40.8	40	510	350.15	0	0	0	0	40	0	0	0	0	0	0
N0625	43.18	206	62	22	5	0.1	0.5	0.4	0	0.13	3.5	0.46	0	0.20	0.51	1	9	0.105	0	40.8	40	510	338.65	0	0	0	0	60	0	0	0	0	0	0
N0625	43.18	206	62	22	5	0.1	0.5	0.4	0	0.13	3.5	0.47	0	0.21	0.52	1	9	0.106	0	40.8	40	510	319.15	0	0	0	0	80	0	0	0	0	0	0
N0625	43.18	206	62	22	5	0.1	0.5	0.4	0	0.13	3.5	0.48	0	0.22	0.53	1	9	0.107	0	40.8	40	510	313.15	0	0	0	0	100	0	0	0	0	0	0
N0625	43.18	206	62	22	5	0.1	0.5	0.4	0	0.13	3.5	0.48	0	0.22	0.53	1	9	0.107	0	40.8	40	100	313.15	0	0	5	0	0.5	0	0	0	0	0	0
N06030	80	202	43	30	15	0.03	2	0	1.5	0	0	5	0.020	0	0	0.8	5.5	0	0	48	37.5	10	298.5	0	0	1	0	0	0	0	0	0	0	0
N06030	80	202	43	30	15	0.03	2	0	1.5	0	0	5	0.020	0	0	0.8	5.5	0	0	48	37.5	10	298.5	0	0	1	0	10	0	0	0	0	0	0
N06030	80	202	43	30	15	0.03	2	0	1.5	0	0	5	0.020	0	0	0.8	5.5	0	0	48	37.5	10	298.5	0	0	1	0	20	0	0	0	0	0	0
N06030	80	202	43	30	15	0.03	2	0	1.5	0	0	5	0.020	0	0	0.8	5.5	0	0	48	37.5	100	298.5	0	0	1	0	30	0	0	0	0	0	0
N06030	80	202	43	30	15	0.03	2	0	1.5	0	0	5	0.020	0	0	0.8	5.5	0	0	48	37.5	150	298.5	0	0	1	0	40	0	0	0	0	0	0
N06030	80	202	43	30	15	0.03	2	0	1.5	0	0	5	0.020	0	0	0.8	5.5	0	0	48	37.5	70	298.5	0	0	1	0	50	0	0	0	0	0	0
N06030	80	202	43	30	15	0.03	2	0	1.5	0	0	5	0.020	0	0	0.8	5.5	0	0	48	37.5	50	298.5	0	0	1	0	60	0	0	0	0	0	0
N06030	80	202	43	30	15	0.03	2	0	1.5	0	0	5	0.020	0	0	0.8	5.5	0	0	48	37.5	10	298.5	0	0	1	0	70	0	0	0	0	0	0
N06030	80	202	43	30	15	0.03	2	0	1.5	0	0	5	0.020	0	0	0.8	5.5	0	0	48	37.5	10	325.5	0	0	1	0	0	0	0	0	0	0	0
N06030	80	202	43	30	15	0.03	2	0	1.5	0	0	5	0.020	0	0	0.8	5.5	0	0	48	37.5	10	325.5	0	0	1	0	10	0	0	0	0	0	0
N06030	80	202	43	30	15	0.03	2	0	1.5	0	0	5	0.020	0	0	0.8	5.5	0	0	48	37.5	400	325.5	0	0	1	0	20	0	0	0	0	0	0
N06030	80	202	43	30	15	0.03	2	0	1.5	0	0	5	0.020	0	0	0.8	5.5	0	0	48	37.5	850	325.5	0	0	1	0	30	0	0	0	0	0	0
N06030	80	202	43	30	15	0.03	2	0	1.5	0	0	5	0.020	0	0	0.8	5.5	0	0	48	37.5	800	325.5	0	0	1	0	40	0	0	0	0	0	0
N06030	80	202	43	30	15	0.03	2	0	1.5	0	0	5	0.020	0	0	0.8	5.5	0	0	48	37.5	500	325.5	0	0	1	0	50	0	0	0	0	0	0
N06030	80	202	43	30	15	0.03	2	0	1.5	0	0	5	0.020	0	0	0.8	5.5	0	0	48	37.5	300	325.5	0	0	1	0	60	0	0	0	0	0	0
N06030	80	202	43	30	15	0.03	2	0	1.5	0	0	5	0.020	0	0	0.8	5.5	0	0	48	37.5	100	325.5	0	0	1	0	70	0	0	0	0	0	0
N06030	80	202	43	30	15	0.03	2	0	1.5	0	0	5	0.020	0	0	0.8	5.5	0	0	48	37.5	10	311.5	0	0	1	0	0	0	0	0	0	0	0
N06030	80	202	43	30	15	0.03	2	0	1.5	0	0	5	0.020	0	0	0.8	5.5	0	0	48	37.5	10	311.5	0	0	1	0	10	0	0	0	0	0	0
N06030	80	202	43	30	15	0.03	2	0	1.5	0	0	5	0.020	0	0	0.8	5.5	0	0	48	37.5	10	311.5	0	0	1	0	20	0	0	0	0	0	0
N06030	80	202	43	30	15	0.03	2	0	1.5	0	0	5	0.020	0	0	0.8	5.5	0	0	48	37.5	400	311.5	0	0	1	0	30	0	0	0	0	0	0
N06030	80	202	43	30	15	0.03	2	0	1.5	0	0	5	0.020	0	0	0.8	5.5	0	0	48	37.5	400	311.5	0	0	1	0	40	0	0	0	0	0	0
N06030	80	202	43	30	15	0.03	2	0	1.5	0	0	5	0.020	0	0	0.8	5.5	0	0	48	37.5	300	311.5	0	0	1	0	50	0	0	0	0	0	0
N06030	80	202	43	30	15	0.03	2	0	1.5	0	0	5	0.020	0	0	0.8	5.5	0	0	48	37.5	100	311.5	0	0	1	0	60	0	0	0	0	0	0
N06030	80	202	43	30	15	0.03	2	0	1.5	0	0	5	0.020	0	0	0.8	5.5	0	0	48	37.5	20	311.5	0	0	1	0	70	0	0	0	0	0	0
N06030	80	202	43	30	15	0.03	2	0	1.5	0	0	5	0.020	0	0	0.8	5.5	0	0	48	37.5	10	339.5	0	0	1	0	0	0	0	0	0	0	0
N06030	80	202	43	30	15	0.03	2	0	1.5	0	0	5	0.020	0	0	0.8	5.5	0	0	48	37.5	200	339.5	0	0	1	0	10	0	0	0	0	0	0
N06030	80	202	43	30	15	0.03	2	0	1.5	0	0	5	0.020	0	0	0.8	5.5	0	0	48	37.5	1700	339.5	0	0	1	0	20	0	0	0	0	0	0
N06030	80	202	43	30	15	0.03	2	0	1.5	0	0	5	0.020	0	0	0.8	5.5	0	0	48	37.5	1900	339.5	0	0	1	0	30	0	0	0	0	0	0
N06030	80	202	43	30	15	0.03	2	0	1.5	0	0	5	0.020	0	0	0.8	5.5	0	0	48	37.5	2100	339.5	0	0	1	0	40	0	0	0	0	0	0
N06030	80	202	43	30	15	0.03	2	0	1.5	0	0	5	0.020	0	0	0.8	5.5	0	0	48	37.5	1400	339.5	0	0	1	0	50	0	0	0	0	0	0
N06030	80	202	43	30	15	0.03	2	0	1.5	0	0	5	0.020	0	0	0.8	5.5	0	0	48	37.5	700	339.5	0	0	1	0	60	0	0	0	0	0	0
N06030	80	202	43	30	15	0.03	2	0	1.5	0	0	5	0.020	0	0	0.8	5.5	0	0	48	37.5	200	339.5	0	0	1	0	70	0	0	0	0	0	0
N06030	80	202	43	30	15	0.03	2	0	1.5	0	0	5	0.020	0	0	0.8	5.5	0	0	48	37.5	100	373.5	0	0	0	0	10	0	0	0	0	0	0
N06030	80	202	43	30	15	0.03	2	0	1.5	0	0	5	0.020	0	0	0.8	5.5	0	0	48	37.5	100	358.5	0	0	0	0	20	0	0	0	0	0	0
N06030	80	202	43	30	15	0.03	2	0	1.5	0	0	5	0.020	0	0	0.8	5.5	0	0	48	37.5	100	363.5	0	0	0	0	30	0	0	0	0	0	0
N06030	80	202	43	30	15	0.03	2	0	1.5	0	0	5	0.020	0	0	0.8	5.5	0	0	48	37.5	100	368.5	0	0	0	0	40	0	0	0	0	0	0
N06030	80	202	43	30	15	0.03	2	0	1.5	0	0	5	0.020	0	0	0.8	5.5	0	0	48	37.5	100	348.5	0	0	0	0	50	0	0	0	0	0	0
N06030	80	202	43	30	15	0.03	2	0	1.5	0	0	5	0.020	0	0	0.8	5.5	0	0	48	37.5	100	343.5	0	0	0	0	60	0	0	0	0	0	0
N06030	80	202	43	30	15	0.03	2	0	1.5	0	0	5	0.020	0	0	0.8	5.5	0	0	48	37.5	100	343.5	0	0	0	0	70	0	0	0	0	0	0
N06030	80	202	43	30	15	0.03	2	0	1.5	0	0	5	0.020	0	0	0.8	5.5	0	0	48	37.5	100	323.5	0	0	0	0	80	0	0	0	0	0	0
N06030	80	202	43	30	15	0.03	2	0	1.5	0	0	5	0.020	0	0	0.8	5.5	0	0	48	37.5	100	323.5	0	0	0	0	90	0	0	0	0	0	0
N06030	80	202	43	30	15	0.03	2	0	1.5	0	0	5	0.020	0	0	0.8	5.5	0	0	48	37.5	500	373.5	0	0	0	0	10	0	0	0	0	0	0
N06030	80	202	43	30	15	0.03	2	0	1.5	0	0	5	0.020	0	0	0.8	5.5	0	0	48	37.5	500	373.5	0	0	0	0	20	0	0	0	0	0	0
N06030	80	202	43	30	15	0.03	2	0	1.5	0	0	5	0.020	0	0	0.8	5.5	0	0	48	37.5	500	363.5	0	0	0	0	30	0	0	0	0	0	0
N06030	80	202	43	30	15	0.03	2	0	1.5	0	0	5	0.020	0	0	0.8	5.5	0	0	48	37.5	500	463.5	0	0	0	0	40	0	0	0	0	0	0
N06030	80	202	43	30	15	0.03	2	0	1.5	0	0	5	0.020	0	0	0.8	5.5	0	0	48	37.5	500	353.5	0	0	0	0	50	0	0	0	0	0	0
N06030	80	202	43	30	15	0.03	2	0	1.5	0	0	5	0.020	0	0	0.8	5.5	0	0	48	37.5	500	353.5	0	0	0	0	60	0	0	0	0	0	0
N06030	80	202	43	30	15	0.03	2	0	1.5	0	0	5	0.020	0	0	0.8	5.5	0	0	48	37.5	500	353.5	0	0	0	0	70	0	0	0	0	0	0
N06030	80	202	43	30	15	0.03	2	0	1.5	0	0	5	0.020	0	0	0.8	5.5	0	0	48	37.5	500	333.5	0	0	0	0	80	0	0	0	0	0	0
N06030	80	202	43	30	15	0.03	2	0	1.5	0	0	5	0.020	0	0	0.8	5.5	0	0	48	37.5	500	323.5	0	0	0	0	90	0	0	0	0	0	0
825	20.15	196	42	21.5	28	0.03	3	0	0	0.18	0	0.049	0	0.01	0.45	0.23	3	0.008	0.005	31	5	13	323.5	0	0	0	0	40	0	0	0	0	0	0
825	20.15	196	42	21.5	28	0.03	3	0	0	0.18	0	0.049	0	0.01	0.45	0.23	3	0.008	0.005	31	5	25	323.5	0	0	0	0	50	0	0	0	0	0	0
825	20.15	196	42	21.5	28	0.03	3	0	0	0.18	0	0.049	0	0.01	0.45	0.23	3	0.008	0.005	31	5	100	323.5	0	0	0	0	60	0	0	0	0	0	0
825	20.15	196	42	21.5	28	0.03	3	0	0	0.18	0	0.049	0	0.01	0.45	0.23	3	0.008	0.005	31	5	130	323.5	0	0	0	0	80	0	0	0	0	0	0
825	20.15	196	42	21.5	28	0.03	3	0	0	0.18	0	0.049	0	0.01	0.45	0.23	3	0.008	0.005	31	5	360	373.5	0	0	0	0	40	0	0	0	0	0	0
825	20.15	196	42	21.5	28	0.03	3	0	0	0.18	0	0.049	0	0.01	0.45	0.23	3	0.008	0.005	31	5	360	373.5	0	0	0	0	50	0	0	0	0	0	0
825	20.15	196	42	21.5	28	0.03	3	0	0	0.18	0	0.049	0	0.01	0.45	0.23	3	0.008	0.005	31	5	510	373.5	0	0	0	0	60	0	0	0	0	0	0
825	20.15	196	42	21.5	28	0.03	3	0	0	0.18	0	0.049	0	0.01	0.45	0.23	3	0.008	0.005	31	5	510	373.5	0	0	0	0	80	0	0	0	0	0	0
Hybrid BC1	50	217	62	15	2	0.1	0	0	0	0	0	0	0	0	0.25	0	22	0	0	87	85	500	373.5	0	0	0	0	5	0	0	0	0	0	0
Hybrid BC1	50	217	62	15	2	0.1	0	0	0	0	0	0	0	0	0.25	0	22	0	0	87	85	500	378.5	0	0	0	0	20	0	0	0	0	0	0
Hybrid BC1	50	217	62	15	2	0.1	0	0	0	0	0	0	0	0	0.25	0	22	0	0	87	85	500	388.5	0	0	0	0	40	0	0	0	0	0	0
Hybrid BC1	50	217	62	15	2	0.1	0	0	0	0	0	0	0	0	0.25	0	22	0	0	87	85	500	398.5	0	0	0	0	60	0	0	0	0	0	0
Hybrid BC1	50	217	62	15	2	0.1	0	0	0	0	0	0	0	0	0.25	0	22	0	0	87	85	500	401.5	0	0	0	0	80	0	0	0	0	0	0
Hybrid BC1	50	217	62	15	2	0.1	0	0	0	0	0	0	0	0	0.25	0	22	0	0	87	85	500	403.5	0	0	0	0	90	0	0	0	0	0	0
Hybrid BC1	50	217	62	15	2	0.5	0	0	0	0	0	0	0	0	0.25	0	22	0	0	87	85	100	378.5	0	0	0	0	5	0	0	0	0	0	0
Hybrid BC1	50	217	62	15	2	0.5	0	0	0	0	0	0	0	0	0.25	0	22	0	0	87	85	100	378.5	0	0	0	0	20	0	0	0	0	0	0
Hybrid BC1	50	217	62	15	2	0.5	0	0	0	0	0	0	0	0	0.25	0	22	0	0	87	85	100	378.5	0	0	0	0	40	0	0	0	0	0	0
Hybrid BC1	50	217	62	15	2	0.5	0	0	0	0	0	0	0	0	0.25	0	22	0	0	87	85	100	378.5	0	0	0	0	60	0	0	0	0	0	0
Hybrid BC1	50	217	62	15	2	0.5	0	0	0	0	0	0	0	0	0.25	0	22	0	0	87	85	100	388.5	0	0	0	0	80	0	0	0	0	0	0
Hybrid BC1	50	217	62	15	2	0.5	0	0	0	0	0	0	0	0	0.25	0	22	0	0	87	85	100	388.5	0	0	0	0	90	0	0	0	0	0	0
Hybrid BC1	50	217	62	15	2	0.1	0	0	0	0	0	0	0	0	0.25	0	22	0	0	87	85	2	374.5	0	0	0	0	10	0	0	0	0	0	0
Hybrid BC1	50	217	62	15	2	0.5	0	0	0	0	0	0	0	0	0.25	0	22	0	0	87	85	600	374.5	0	0	0	5	10	0	0	0	0	0	0
Hybrid BC1	50	217	62	15	2	0.5	0	0	0	0	0	0	0	0	0.25	0	22	0	0	87	85	1200	396.5	0	0	0	50	10	0	0	0	0	0	0
Hybrid BC1	50	217	62	15	2	0.1	0	0	0	0	0	0	0	0	0.25	0	22	0	0	87	85	100	373.5	0	2	0	0	0	0	0	0	0	0	0
Hybrid BC1	50	217	62	15	2	0.5	0	0	0	0	0	0	0	0	0.25	0	22	0	0	87	85	100	348.5	0	6	0	0	0	0	0	0	0	0	0
Hybrid BC1	50	217	62	15	2	0.5	0	0	0	0	0	0	0	0	0.25	0	22	0	0	87	85	100	326.5	0	10	0	0	0	0	0	0	0	0	0
Hybrid BC1	50	217	62	15	2	0.5	0	0	0	0	0	0	0	0	0.25	0	22	0	0	87	85	100	315.5	0	14	0	0	0	0	0	0	0	0	0
Hybrid BC1	50	217	62	15	2	0.5	0	0	0	0	0	0	0	0	0.25	0	22	0	0	87	85	100	312.5	0	18	0	0	0	0	0	0	0	0	0
Hybrid BC1	50	217	62	15	2	0.5	0	0	0	0	0	0	0	0	0.25	0	22	0	0	87	85	100	312.5	0	20	0	0	0	0	0	0	0	0	0
Hybrid BC1	50	217	62	15	2	0.1	0	0	0	0	0	0	0	0	0.25	0	22	0	0	87	85	500	374.5	0	3	0	0	0	0	0	0	0	0	0
Hybrid BC1	50	217	62	15	2	0.5	0	0	0	0	0	0	0	0	0.25	0	22	0	0	87	85	500	377.5	0	5	0	0	0	0	0	0	0	0	0
Hybrid BC1	50	217	62	15	2	0.5	0	0	0	0	0	0	0	0	0.25	0	22	0	0	87	85	500	373.5	0	7.5	0	0	0	0	0	0	0	0	0
Hybrid BC1	50	217	62	15	2	0.5	0	0	0	0	0	0	0	0	0.25	0	22	0	0	87	85	500	366.5	0	10	0	0	0	0	0	0	0	0	0
Hybrid BC1	50	217	62	15	2	0.5	0	0	0	0	0	0	0	0	0.25	0	22	0	0	87	85	500	358.5	0	15	0	0	0	0	0	0	0	0	0
Hybrid BC1	50	217	62	15	2	0.5	0	0	0	0	0	0	0	0	0.25	0	22	0	0	87	85	500	358.5	0	20	0	0	0	0	0	0	0	0	0
686	45	207	57	21	5	0.01	0	0.15	3.7	0.32	0	0.01	0	0.005	0.229	0.04	16	0.006	0.004	79	85	100	373.5	0	0	0	0	5	0	0	0	0	0	0
686	45	207	57	21	5	0.01	0	0.15	3.7	0.32	0	0.01	0	0.005	0.229	0.04	16	0.006	0.004	79	85	100	383.5	0	0	0	0	20	0	0	0	0	0	0
686	45	207	57	21	5	0.01	0	0.15	3.7	0.32	0	0.01	0	0.005	0.229	0.04	16	0.006	0.004	79	85	100	373.5	0	0	0	0	30	0	0	0	0	0	0
686	45	207	57	21	5	0.01	0	0.15	3.7	0.32	0	0.01	0	0.005	0.229	0.04	16	0.006	0.004	79	85	100	368.5	0	0	0	0	40	0	0	0	0	0	0
686	45	207	57	21	5	0.01	0	0.15	3.7	0.32	0	0.01	0	0.005	0.229	0.04	16	0.006	0.004	79	85	100	358.5	0	0	0	0	50	0	0	0	0	0	0
686	45	207	57	21	5	0.01	0	0.15	3.7	0.32	0	0.01	0	0.005	0.229	0.04	16	0.006	0.004	79	85	100	343.5	0	0	0	0	60	0	0	0	0	0	0
686	45	207	57	21	5	0.01	0	0.15	3.7	0.32	0	0.01	0	0.005	0.229	0.04	16	0.006	0.004	79	85	100	368.5	0	0	0	0	70	0	0	0	0	0	0
686	45	207	57	21	5	0.01	0	0.15	3.7	0.32	0	0.01	0	0.005	0.229	0.04	16	0.006	0.004	79	85	100	363.5	0	0	0	0	80	0	0	0	0	0	0
686	45	207	57	21	5	0.01	0	0.15	3.7	0.32	0	0.01	0	0.005	0.229	0.04	16	0.006	0.004	79	85	100	368.5	0	0	0	0	90	0	0	0	0	0	0
686	45	207	57	21	5	0.01	0	0.15	3.7	0.32	0	0.01	0	0.005	0.229	0.04	16	0.006	0.004	79	85	100	370.5	0	2	0	0	0	0	0	0	0	0	0
686	45	207	57	21	5	0.01	0	0.15	3.7	0.32	0	0.01	0	0.005	0.229	0.04	16	0.006	0.004	79	85	100	351.5	0	6	0	0	0	0	0	0	0	0	0
686	45	207	57	21	5	0.01	0	0.15	3.7	0.32	0	0.01	0	0.005	0.229	0.04	16	0.006	0.004	79	85	100	334.5	0	10	0	0	0	0	0	0	0	0	0
686	45	207	57	21	5	0.01	0	0.15	3.7	0.32	0	0.01	0	0.005	0.229	0.04	16	0.006	0.004	79	85	100	315.5	0	14	0	0	0	0	0	0	0	0	0
686	45	207	57	21	5	0.01	0	0.15	3.7	0.32	0	0.01	0	0.005	0.229	0.04	16	0.006	0.004	79	85	100	303.5	0	18	0	0	0	0	0	0	0	0	0
686	45	207	57	21	5	0.01	0	0.15	3.7	0.32	0	0.01	0	0.005	0.229	0.04	16	0.006	0.004	79	85	100	303.5	0	20	0	0	0	0	0	0	0	0	0
686	45	207	57	21	5	0.01	0	0.15	3.7	0.32	0	0.01	0	0.005	0.229	0.04	16	0.006	0.004	79	85	500	373.5	0	1	0	0	0	0	0	0	0	0	0
686	45	207	57	21	5	0.01	0	0.15	3.7	0.32	0	0.01	0	0.005	0.229	0.04	16	0.006	0.004	79	85	500	371.5	0	2.5	0	0	0	0	0	0	0	0	0
686	45	207	57	21	5	0.01	0	0.15	3.7	0.32	0	0.01	0	0.005	0.229	0.04	16	0.006	0.004	79	85	500	353.5	0	5	0	0	0	0	0	0	0	0	0
686	45	207	57	21	5	0.01	0	0.15	3.7	0.32	0	0.01	0	0.005	0.229	0.04	16	0.006	0.004	79	85	500	348.5	0	7.5	0	0	0	0	0	0	0	0	0
686	45	207	57	21	5	0.01	0	0.15	3.7	0.32	0	0.01	0	0.005	0.229	0.04	16	0.006	0.004	79	85	500	341.5	0	10	0	0	0	0	0	0	0	0	0
686	45	207	57	21	5	0.01	0	0.15	3.7	0.32	0	0.01	0	0.005	0.229	0.04	16	0.006	0.004	79	85	500	332.5	0	15	0	0	0	0	0	0	0	0	0
686	45	207	57	21	5	0.01	0	0.15	3.7	0.32	0	0.01	0	0.005	0.229	0.04	16	0.006	0.004	79	85	500	341.5	0	20	0	0	0	0	0	0	0	0	0
686	45	207	57	21	5	0.01	0	0.15	3.7	0.32	0	0.01	0	0.005	0.229	0.04	16	0.006	0.004	79	85	100	373.5	0	0	0	0	0	2.5	0	0	0	0	0
686	45	207	57	21	5	0.01	0	0.15	3.7	0.32	0	0.01	0	0.005	0.229	0.04	16	0.006	0.004	79	85	100	359.5	0	0	0	0	0	7.5	0	0	0	0	0
686	45	207	57	21	5	0.01	0	0.15	3.7	0.32	0	0.01	0	0.005	0.229	0.04	16	0.006	0.004	79	85	100	359.5	0	0	0	0	0	10	0	0	0	0	0
686	45	207	57	21	5	0.01	0	0.15	3.7	0.32	0	0.01	0	0.005	0.229	0.04	16	0.006	0.004	79	85	100	345.5	0	0	0	0	0	15	0	0	0	0	0
686	45	207	57	21	5	0.01	0	0.15	3.7	0.32	0	0.01	0	0.005	0.229	0.04	16	0.006	0.004	79	85	100	333.5	0	0	0	0	0	20	0	0	0	0	0
686	45	207	57	21	5	0.01	0	0.15	3.7	0.32	0	0.01	0	0.005	0.229	0.04	16	0.006	0.004	79	85	100	318.5	0	0	0	0	0	25	0	0	0	0	0
686	45	207	57	21	5	0.01	0	0.15	3.7	0.32	0	0.01	0	0.005	0.229	0.04	16	0.006	0.004	79	85	100	311.5	0	0	0	0	0	30	0	0	0	0	0
686	45	207	57	21	5	0.01	0	0.15	3.7	0.32	0	0.01	0	0.005	0.229	0.04	16	0.006	0.004	79	85	100	318.5	0	0	0	0	0	40	0	0	0	0	0
N06059	25	210	60	23	1.5	0.01	0	0	0	0.1	0	0	0	0	0	0	16	0	0	76	85	100	373.5	0	0	0	0	5	0	0	0	0	0	0
N06059	25	210	60	23	1.5	0.01	0	0	0	0.1	0	0	0	0	0	0	16	0	0	76	85	100	368.5	0	0	0	0	20	0	0	0	0	0	0
N06059	25	210	60	23	1.5	0.01	0	0	0	0.1	0	0	0	0	0	0	16	0	0	76	85	100	373.5	0	0	0	0	30	0	0	0	0	0	0
N06059	25	210	60	23	1.5	0.01	0	0	0	0.1	0	0	0	0	0	0	16	0	0	76	85	100	368.5	0	0	0	0	40	0	0	0	0	0	0
N06059	25	210	60	23	1.5	0.01	0	0	0	0.1	0	0	0	0	0	0	16	0	0	76	85	100	358.5	0	0	0	0	50	0	0	0	0	0	0
N06059	25	210	60	23	1.5	0.01	0	0	0	0.1	0	0	0	0	0	0	16	0	0	76	85	100	343.5	0	0	0	0	60	0	0	0	0	0	0
N06059	25	210	60	23	1.5	0.01	0	0	0	0.1	0	0	0	0	0	0	16	0	0	76	85	100	343.5	0	0	0	0	70	0	0	0	0	0	0
N06059	25	210	60	23	1.5	0.01	0	0	0	0.1	0	0	0	0	0	0	16	0	0	76	85	100	333.5	0	0	0	0	80	0	0	0	0	0	0
N06059	25	210	60	23	1.5	0.01	0	0	0	0.1	0	0	0	0	0	0	16	0	0	76	85	100	333.5	0	0	0	0	90	0	0	0	0	0	0
N06059	25	210	60	23	1.5	0.01	0	0	0	0.1	0	0	0	0	0	0	16	0	0	76	85	100	373.5	0	2	0	0	0	0	0	0	0	0	0
N06059	25	210	60	23	1.5	0.01	0	0	0	0.1	0	0	0	0	0	0	16	0	0	76	85	100	353.5	0	6	0	0	0	0	0	0	0	0	0
N06059	25	210	60	23	1.5	0.01	0	0	0	0.1	0	0	0	0	0	0	16	0	0	76	85	100	333.5	0	10	0	0	0	0	0	0	0	0	0
N06059	25	210	60	23	1.5	0.01	0	0	0	0.1	0	0	0	0	0	0	16	0	0	76	85	100	313.5	0	14	0	0	0	0	0	0	0	0	0
N06059	25	210	60	23	1.5	0.01	0	0	0	0.1	0	0	0	0	0	0	16	0	0	76	85	100	303.5	0	18	0	0	0	0	0	0	0	0	0
N06059	25	210	60	23	1.5	0.01	0	0	0	0.1	0	0	0	0	0	0	16	0	0	76	85	100	303.5	0	20	0	0	0	0	0	0	0	0	0
N06059	25	210	60	23	1.5	0.01	0	0	0	0.1	0	0	0	0	0	0	16	0	0	76	85	500	374.5	0	3	0	0	0	0	0	0	0	0	0
N06059	25	210	60	23	1.5	0.01	0	0	0	0.1	0	0	0	0	0	0	16	0	0	76	85	500	358.5	0	5	0	0	0	0	0	0	0	0	0
N06059	25	210	60	23	1.5	0.01	0	0	0	0.1	0	0	0	0	0	0	16	0	0	76	85	500	347.5	0	7.5	0	0	0	0	0	0	0	0	0
N06059	25	210	60	23	1.5	0.01	0	0	0	0.1	0	0	0	0	0	0	16	0	0	76	85	500	332.5	0	10	0	0	0	0	0	0	0	0	0
N06059	25	210	60	23	1.5	0.01	0	0	0	0.1	0	0	0	0	0	0	16	0	0	76	85	500	332.5	0	15	0	0	0	0	0	0	0	0	0
N06059	25	210	60	23	1.5	0.01	0	0	0	0.1	0	0	0	0	0	0	16	0	0	76	85	500	332.5	0	20	0	0	0	0	0	0	0	0	0
N06059	25	210	60	23	1.5	0.01	0	0	0	0.1	0	0	0	0	0	0	16	0	0	76	85	100	373.5	0	0	0	0	0	2.5	0	0	0	0	0
N06059	25	210	60	23	1.5	0.01	0	0	0	0.1	0	0	0	0	0	0	16	0	0	76	85	100	372.5	0	0	0	0	0	7.5	0	0	0	0	0
N06059	25	210	60	23	1.5	0.01	0	0	0	0.1	0	0	0	0	0	0	16	0	0	76	85	100	359.5	0	0	0	0	0	10	0	0	0	0	0
N06059	25	210	60	23	1.5	0.01	0	0	0	0.1	0	0	0	0	0	0	16	0	0	76	85	100	359.5	0	0	0	0	0	15	0	0	0	0	0
N06059	25	210	60	23	1.5	0.01	0	0	0	0.1	0	0	0	0	0	0	16	0	0	76	85	100	345.5	0	0	0	0	0	20	0	0	0	0	0
N06059	25	210	60	23	1.5	0.01	0	0	0	0.1	0	0	0	0	0	0	16	0	0	76	85	100	318.5	0	0	0	0	0	25	0	0	0	0	0
N06059	25	210	60	23	1.5	0.01	0	0	0	0.1	0	0	0	0	0	0	16	0	0	76	85	100	311.5	0	0	0	0	0	30	0	0	0	0	0
N06059	25	210	60	23	1.5	0.01	0	0	0	0.1	0	0	0	0	0	0	16	0	0	76	85	100	318.5	0	0	0	0	0	40	0	0	0	0	0
C-2000	35	207	59	23	3	0.01	1.6	0	0	0	0	0	0	0	0	0	16	0	0	76	80	100	373.5	0	0	0	0	5	0	0	0	0	0	0
C-2000	35	207	59	23	3	0.01	1.6	0	0	0	0	0	0	0	0	0	16	0	0	76	80	100	373.5	0	0	0	0	20	0	0	0	0	0	0
C-2000	35	207	59	23	3	0.01	1.6	0	0	0	0	0	0	0	0	0	16	0	0	76	80	100	373.5	0	0	0	0	30	0	0	0	0	0	0
C-2000	35	207	59	23	3	0.01	1.6	0	0	0	0	0	0	0	0	0	16	0	0	76	80	100	373.5	0	0	0	0	40	0	0	0	0	0	0
C-2000	35	207	59	23	3	0.01	1.6	0	0	0	0	0	0	0	0	0	16	0	0	76	80	100	363.5	0	0	0	0	50	0	0	0	0	0	0
C-2000	35	207	59	23	3	0.01	1.6	0	0	0	0	0	0	0	0	0	16	0	0	76	80	100	363.5	0	0	0	0	60	0	0	0	0	0	0
C-2000	35	207	59	23	3	0.01	1.6	0	0	0	0	0	0	0	0	0	16	0	0	76	80	100	363.5	0	0	0	0	70	0	0	0	0	0	0
C-2000	35	207	59	23	3	0.01	1.6	0	0	0	0	0	0	0	0	0	16	0	0	76	80	100	353.5	0	0	0	0	80	0	0	0	0	0	0
C-2000	35	207	59	23	3	0.01	1.6	0	0	0	0	0	0	0	0	0	16	0	0	76	80	100	363.5	0	0	0	0	90	0	0	0	0	0	0
C-2000	35	207	59	23	3	0.01	1.6	0	0	0	0	0	0	0	0	0	16	0	0	76	80	100	373.5	0	2	0	0	0	0	0	0	0	0	0
C-2000	35	207	59	23	3	0.01	1.6	0	0	0	0	0	0	0	0	0	16	0	0	76	80	100	348.5	0	6	0	0	0	0	0	0	0	0	0
C-2000	35	207	59	23	3	0.01	1.6	0	0	0	0	0	0	0	0	0	16	0	0	76	80	100	318.5	0	10	0	0	0	0	0	0	0	0	0
C-2000	35	207	59	23	3	0.01	1.6	0	0	0	0	0	0	0	0	0	16	0	0	76	80	100	308.5	0	14	0	0	0	0	0	0	0	0	0
C-2000	35	207	59	23	3	0.01	1.6	0	0	0	0	0	0	0	0	0	16	0	0	76	80	500	358.5	0	5	0	0	0	0	0	0	0	0	0
C-2000	35	207	59	23	3	0.01	1.6	0	0	0	0	0	0	0	0	0	16	0	0	76	80	500	852.5	0	7.5	0	0	0	0	0	0	0	0	0
C-2000	35	207	59	23	3	0.01	1.6	0	0	0	0	0	0	0	0	0	16	0	0	76	80	500	852.5	0	10	0	0	0	0	0	0	0	0	0
C-2000	35	207	59	23	3	0.01	1.6	0	0	0	0	0	0	0	0	0	16	0	0	76	80	500	852.5	0	15	0	0	0	0	0	0	0	0	0
C-2000	35	207	59	23	3	0.01	1.6	0	0	0	0	0	0	0	0	0	16	0	0	76	80	500	330.5	0	17	0	0	0	0	0	0	0	0	0
C-2000	35	207	59	23	3	0.01	1.6	0	0	0	0	0	0	0	0	0	16	0	0	76	80	500	330.5	0	18.5	0	0	0	0	0	0	0	0	0
C-2000	35	207	59	23	3	0.01	1.6	0	0	0	0	0	0	0	0	0	16	0	0	76	80	500	852.5	0	20	0	0	0	0	0	0	0	0	0
C-2000	35	207	59	23	3	0.01	1.6	0	0	0	0	0	0	0	0	0	16	0	0	76	80	100	373.5	0	0	0	0	0	2.5	0	0	0	0	0
C-2000	35	207	59	23	3	0.01	1.6	0	0	0	0	0	0	0	0	0	16	0	0	76	80	100	368.5	0	0	0	0	0	7.5	0	0	0	0	0
C-2000	35	207	59	23	3	0.01	1.6	0	0	0	0	0	0	0	0	0	16	0	0	76	80	100	372.5	0	0	0	0	0	10	0	0	0	0	0
C-2000	35	207	59	23	3	0.01	1.6	0	0	0	0	0	0	0	0	0	16	0	0	76	80	100	353.5	0	0	0	0	0	15	0	0	0	0	0
C-2000	35	207	59	23	3	0.01	1.6	0	0	0	0	0	0	0	0	0	16	0	0	76	80	100	345.5	0	0	0	0	0	20	0	0	0	0	0
C-2000	35	207	59	23	3	0.01	1.6	0	0	0	0	0	0	0	0	0	16	0	0	76	80	100	318.5	0	0	0	0	0	25	0	0	0	0	0
C-2000	35	207	59	23	3	0.01	1.6	0	0	0	0	0	0	0	0	0	16	0	0	76	80	100	318.5	0	0	0	0	0	30	0	0	0	0	0
C-2000	35	207	59	23	3	0.01	1.6	0	0	0	0	0	0	0	0	0	16	0	0	76	80	100	318.5	0	0	0	0	0	40	0	0	0	0	0
C-22	50	206	56	22	3	0.01	0.5	0	3	0	0	0	0	0	0.4	0	13	0	0	70	80	100	368.5	0	2	0	0	0	0	0	0	0	0	0
C-22	50	206	56	22	3	0.01	0.5	0	3	0	0	0	0	0	0.4	0	13	0	0	70	80	100	338.5	0	6	0	0	0	0	0	0	0	0	0
C-22	50	206	56	22	3	0.01	0.5	0	3	0	0	0	0	0	0.4	0	13	0	0	70	80	100	318.5	0	10	0	0	0	0	0	0	0	0	0
C-22	50	206	56	22	3	0.01	0.5	0	3	0	0	0	0	0	0.4	0	13	0	0	70	80	100	308.5	0	14	0	0	0	0	0	0	0	0	0
C-22	50	206	56	22	3	0.01	0.5	0	3	0	0	0	0	0	0.4	0	13	0	0	70	80	500	373.5	0	2	0	0	0	0	0	0	0	0	0
C-22	50	206	56	22	3	0.01	0.5	0	3	0	0	0	0	0	0.4	0	13	0	0	70	80	500	363.5	0	2.5	0	0	0	0	0	0	0	0	0
C-22	50	206	56	22	3	0.01	0.5	0	3	0	0	0	0	0	0.4	0	13	0	0	70	80	500	346.5	0	5	0	0	0	0	0	0	0	0	0
C-22	50	206	56	22	3	0.01	0.5	0	3	0	0	0	0	0	0.4	0	13	0	0	70	80	500	338.5	0	7.5	0	0	0	0	0	0	0	0	0
C-22	50	206	56	22	3	0.01	0.5	0	3	0	0	0	0	0	0.4	0	13	0	0	70	80	500	332.5	0	10	0	0	0	0	0	0	0	0	0
C-22	50	206	56	22	3	0.01	0.5	0	3	0	0	0	0	0	0.4	0	13	0	0	70	80	500	332.5	0	15	0	0	0	0	0	0	0	0	0
C-22	50	206	56	22	3	0.01	0.5	0	3	0	0	0	0	0	0.4	0	13	0	0	70	80	500	332.5	0	20	0	0	0	0	0	0	0	0	0
C-22	50	206	56	22	3	0.01	0.5	0	3	0	0	0	0	0	0.4	0	13	0	0	70	80	100	373.5	0	0	0	0	0	2.5	0	0	0	0	0
C-22	50	206	56	22	3	0.01	0.5	0	3	0	0	0	0	0	0.4	0	13	0	0	70	80	100	359.5	0	0	0	0	0	7.5	0	0	0	0	0
C-22	50	206	56	22	3	0.01	0.5	0	3	0	0	0	0	0	0.4	0	13	0	0	70	80	100	359.5	0	0	0	0	0	10	0	0	0	0	0
C-22	50	206	56	22	3	0.01	0.5	0	3	0	0	0	0	0	0.4	0	13	0	0	70	80	100	345.5	0	0	0	0	0	15	0	0	0	0	0
C-22	50	206	56	22	3	0.01	0.5	0	3	0	0	0	0	0	0.4	0	13	0	0	70	80	100	333.5	0	0	0	0	0	20	0	0	0	0	0
C-22	50	206	56	22	3	0.01	0.5	0	3	0	0	0	0	0	0.4	0	13	0	0	70	80	100	318.5	0	0	0	0	0	25	0	0	0	0	0
C-22	50	206	56	22	3	0.01	0.5	0	3	0	0	0	0	0	0.4	0	13	0	0	70	80	100	311.5	0	0	0	0	0	30	0	0	0	0	0
C-22	50	206	56	22	3	0.01	0.5	0	3	0	0	0	0	0	0.4	0	13	0	0	70	80	100	318.5	0	0	0	0	0	40	0	0	0	0	0
C-276	40	205	57	16	5	0.01	0.5	0	4	0.35	0	0.032	0	0	0.55	0	16	0.0119	0	45.2	55	100	370.5	0	0	0	0	5	0	0	0	0	0	0
C-276	40	205	57	16	5	0.01	0.5	0	4	0.35	0	0.032	0	0	0.55	0	16	0.0119	0	45.2	55	100	358.5	0	0	0	0	20	0	0	0	0	0	0
C-276	40	205	57	16	5	0.01	0.5	0	4	0.35	0	0.032	0	0	0.55	0	16	0.0119	0	45.2	55	100	353.5	0	0	0	0	30	0	0	0	0	0	0
C-276	40	205	57	16	5	0.01	0.5	0	4	0.35	0	0.032	0	0	0.55	0	16	0.0119	0	45.2	55	100	351.5	0	0	0	0	40	0	0	0	0	0	0
C-276	40	205	57	16	5	0.01	0.5	0	4	0.35	0	0.032	0	0	0.55	0	16	0.0119	0	45.2	55	100	353.5	0	0	0	0	50	0	0	0	0	0	0
C-276	40	205	57	16	5	0.01	0.5	0	4	0.35	0	0.032	0	0	0.55	0	16	0.0119	0	45.2	55	100	343.5	0	0	0	0	60	0	0	0	0	0	0
C-276	40	205	57	16	5	0.01	0.5	0	4	0.35	0	0.032	0	0	0.55	0	16	0.0119	0	45.2	55	100	323.5	0	0	0	0	70	0	0	0	0	0	0
C-276	40	205	57	16	5	0.01	0.5	0	4	0.35	0	0.032	0	0	0.55	0	16	0.0119	0	45.2	55	100	323.5	0	0	0	0	80	0	0	0	0	0	0
C-276	40	205	57	16	5	0.01	0.5	0	4	0.35	0	0.032	0	0	0.55	0	16	0.0119	0	45.2	55	100	323.5	0	0	0	0	90	0	0	0	0	0	0
C-276	40	205	57	16	5	0.01	0.5	0	4	0.35	0	0.032	0	0	0.55	0	16	0.0119	0	45.2	55	100	360.5	0	2	0	0	0	0	0	0	0	0	0
C-276	40	205	57	16	5	0.01	0.5	0	4	0.35	0	0.032	0	0	0.55	0	16	0.0119	0	45.2	55	100	323.5	0	6	0	0	0	0	0	0	0	0	0
C-276	40	205	57	16	5	0.01	0.5	0	4	0.35	0	0.032	0	0	0.55	0	16	0.0119	0	45.2	55	100	310.5	0	10	0	0	0	0	0	0	0	0	0
C-276	40	205	57	16	5	0.01	0.5	0	4	0.35	0	0.032	0	0	0.55	0	16	0.0119	0	45.2	55	100	373.5	0	0	0	0	0	2.5	0	0	0	0	0
C-276	40	205	57	16	5	0.01	0.5	0	4	0.35	0	0.032	0	0	0.55	0	16	0.0119	0	45.2	55	100	356.5	0	0	0	0	0	7.5	0	0	0	0	0
C-276	40	205	57	16	5	0.01	0.5	0	4	0.35	0	0.032	0	0	0.55	0	16	0.0119	0	45.2	55	100	356.5	0	0	0	0	0	10	0	0	0	0	0
C-276	40	205	57	16	5	0.01	0.5	0	4	0.35	0	0.032	0	0	0.55	0	16	0.0119	0	45.2	55	100	333.5	0	0	0	0	0	15	0	0	0	0	0
C-276	40	205	57	16	5	0.01	0.5	0	4	0.35	0	0.032	0	0	0.55	0	16	0.0119	0	45.2	55	100	318.5	0	0	0	0	0	20	0	0	0	0	0
C-276	40	205	57	16	5	0.01	0.5	0	4	0.35	0	0.032	0	0	0.55	0	16	0.0119	0	45.2	55	100	311.5	0	0	0	0	0	25	0	0	0	0	0
C-276	40	205	57	16	5	0.01	0.5	0	4	0.35	0	0.032	0	0	0.55	0	16	0.0119	0	45.2	55	100	311.5	0	0	0	0	0	30	0	0	0	0	0
C-276	40	205	57	16	5	0.01	0.5	0	4	0.35	0	0.032	0	0	0.55	0	16	0.0119	0	45.2	55	100	311.5	0	0	0	0	0	40	0	0	0	0	0
N06455	20	212	65	16	3	0.01	0.5	0.7	0	0	0	0	0	0	0	0	16	0	0	69	37	100	358.5	0	0	0	0	5	0	0	0	0	0	0
N06455	20	212	65	16	3	0.01	0.5	0.7	0	0	0	0	0	0	0	0	16	0	0	69	37	100	358.5	0	0	0	0	20	0	0	0	0	0	0
N06455	20	212	65	16	3	0.01	0.5	0.7	0	0	0	0	0	0	0	0	16	0	0	69	37	100	358.5	0	0	0	0	30	0	0	0	0	0	0
N06455	20	212	65	16	3	0.01	0.5	0.7	0	0	0	0	0	0	0	0	16	0	0	69	37	100	353.5	0	0	0	0	40	0	0	0	0	0	0
N06455	20	212	65	16	3	0.01	0.5	0.7	0	0	0	0	0	0	0	0	16	0	0	69	37	100	343.5	0	0	0	0	50	0	0	0	0	0	0
N06455	20	212	65	16	3	0.01	0.5	0.7	0	0	0	0	0	0	0	0	16	0	0	69	37	100	333.5	0	0	0	0	60	0	0	0	0	0	0
N06455	20	212	65	16	3	0.01	0.5	0.7	0	0	0	0	0	0	0	0	16	0	0	69	37	100	333.5	0	0	0	0	70	0	0	0	0	0	0
N06455	20	212	65	16	3	0.01	0.5	0.7	0	0	0	0	0	0	0	0	16	0	0	69	37	100	333.5	0	0	0	0	80	0	0	0	0	0	0
N06455	20	212	65	16	3	0.01	0.5	0.7	0	0	0	0	0	0	0	0	16	0	0	69	37	100	333.5	0	0	0	0	90	0	0	0	0	0	0
N06455	20	212	65	16	3	0.01	0.5	0.7	0	0	0	0	0	0	0	0	16	0	0	69	37	500	373.5	0	0.2	0	0	0	0	0	0	0	0	0
N06455	20	212	65	16	3	0.01	0.5	0.7	0	0	0	0	0	0	0	0	16	0	0	69	37	500	358.5	0	2.5	0	0	0	0	0	0	0	0	0
N06455	20	212	65	16	3	0.01	0.5	0.7	0	0	0	0	0	0	0	0	16	0	0	69	37	500	346.5	0	5	0	0	0	0	0	0	0	0	0
N06455	20	212	65	16	3	0.01	0.5	0.7	0	0	0	0	0	0	0	0	16	0	0	69	37	500	338.5	0	7.5	0	0	0	0	0	0	0	0	0
N06455	20	212	65	16	3	0.01	0.5	0.7	0	0	0	0	0	0	0	0	16	0	0	69	37	500	332.5	0	10	0	0	0	0	0	0	0	0	0
N06455	20	212	65	16	3	0.01	0.5	0.7	0	0	0	0	0	0	0	0	16	0	0	69	37	500	332.5	0	15	0	0	0	0	0	0	0	0	0
N06455	20	212	65	16	3	0.01	0.5	0.7	0	0	0	0	0	0	0	0	16	0	0	69	37	500	339.5	0	20	0	0	0	0	0	0	0	0	0
N07718	50.38	200	51	18	24.72	0.08	0.3	1.1	0	0.3	0	0.8	0.05	0.04	0.35	0.35	3	0.01	0	28	10	1700	298	0	0	0	0	0	0	0	0	0	0	0
N07718	50.38	200	51	18	24.72	0.08	0.3	1.1	0	0.3	0	0.8	0.05	0.04	0.35	0.35	3	0.01	0	28	10	1640	298	0	0	1	0	0	0	0	0	0	0	0
N07718	50.38	200	51	18	24.72	0.08	0.3	1.1	0	0.3	0	0.8	0.05	0.04	0.35	0.35	3	0.01	0	28	10	1570	298	0	0	2	0	0	0	0	0	0	0	0
N07718	50.38	200	51	18	24.72	0.08	0.3	1.1	0	0.3	0	0.8	0.05	0.04	0.35	0.35	3	0.01	0	28	10	1590	298	0	0	3	0	0	0	0	0	0	0	0
N07718	50.38	200	51	18	24.72	0.08	0.3	1.1	0	0.3	0	0.8	0.05	0.04	0.35	0.35	3	0.01	0	28	10	1440	298	0	0	4	0	0	0	0	0	0	0	0
N07718	50.38	200	51	18	24.72	0.08	0.3	1.1	0	0.3	0	0.8	0.05	0.04	0.35	0.35	3	0.01	0	28	10	1390	298	0	0	5	0	0	0	0	0	0	0	0
N07718	50.38	200	51	18	24.72	0.08	0.3	1.1	0	0.3	0	0.8	0.05	0.04	0.35	0.35	3	0.01	0	28	10	1630	298	0	0	6	0	0	0	0	0	0	0	0
N07208	51	217	56	20	1.5	0.06	0	2.1	0	1.5	0	10	0	0	0.3	0.15	8.5	0.0073	0.007	48	50	0.0193	298	0	0	0	0	0	0	0	0	0	0	0
N07208	51	217	56	20	1.5	0.06	0	2.1	0	1.5	0	10	0	0	0.3	0.15	8.5	0.0073	0.007	48	50	0.0185	298	0	0	1	0	0	0	0	0	0	0	0
N07208	51	217	56	20	1.5	0.06	0	2.1	0	1.5	0	10	0	0	0.3	0.15	8.5	0.0073	0.007	48	50	0.0215	298	0	0	2	0	0	0	0	0	0	0	0
N07208	51	217	56	20	1.5	0.06	0	2.1	0	1.5	0	10	0	0	0.3	0.15	8.5	0.0073	0.007	48	50	0.0206	298	0	0	3	0	0	0	0	0	0	0	0
N07208	51	217	56	20	1.5	0.06	0	2.1	0	1.5	0	10	0	0	0.3	0.15	8.5	0.0073	0.007	48	50	0.0197	298	0	0	4	0	0	0	0	0	0	0	0
N07208	51	217	56	20	1.5	0.06	0	2.1	0	1.5	0	10	0	0	0.3	0.15	8.5	0.0073	0.007	48	50	0.0166	298	0	0	5	0	0	0	0	0	0	0	0
N07208	51	217	56	20	1.5	0.06	0	2.1	0	1.5	0	10	0	0	0.3	0.15	8.5	0.0073	0.007	48	50	0.0183	298	0	0	6	0	0	0	0	0	0	0	0
N06600	31.57	190	75.05	15.61	8.81	0.04	0.03	0.2	0	0	0.2	0	0	0	0.22	0.18	0	0	0	15	5	2.5	298	0	0	0	0	0	0	0	0	0	0	0
N06600	31.57	190	75.05	15.61	8.81	0.04	0.03	0.2	0	0	0.2	0	0	0	0.22	0.18	0	0	0	15	5	100	298	0	0	0	0	0	0	0	0	0	0	0
N06600	31.57	190	75.05	15.61	8.81	0.04	0.03	0.2	0	0	0.2	0	0	0	0.22	0.18	0	0	0	15	5	100	423	0	0	3	0	0	0	0	0	0	0	0
N06690	32	211	69.5	30	9.2	0.019	0.01	0	0	0.02	0	0	0.003	0	0.35	0.35	0	0	0	30	10	4.8	598	6.1	0	0	0	0	0	0	0	0	0	0
B30	80	115	31.08	0	0.765	0.016	67	0	0	0	0	0	0.0061	0.006	1	0.044	0	0	0	1	1	2700	298	0	0	1	0	0	0	0	0	0	0	0
B30	80	115	31.08	0	0.765	0.016	67	0	0	0	0	0	0.0061	0.006	1	0.044	0	0	0	1	1	130	298	0	0	3	0	0	0	0	0	0	0	0
B30	80	115	31.08	0	0.765	0.016	67	0	0	0	0	0	0.0061	0.006	1	0.044	0	0	0	1	1	100	298	0	0	6	0	0	0	0	0	0	0	0
B30	80	115	31.08	0	0.765	0.016	67	0	0	0	0	0	0.0061	0.006	1	0.044	0	0	0	1	1	40	298	0	0	9	0	0	0	0	0	0	0	0
B30	80	115	31.08	0	0.765	0.016	67	0	0	0	0	0	0.0061	0.006	1	0.044	0	0	0	1	1	20	298	0	0	12	0	0	0	0	0	0	0	0
Sample Nitrogen #1	80	150	8.56	19.22	65	0.42	0	0	1.7	0	0	0	0	0	1.61	0	0	0	0	41	40	10	298	0	0	1	0	0	0	0	0	0	0	0
Sample Nitrogen #2	80	150	7.1	19.22	66	0.42	0	0	1.7	0	0	0	0	0	1.61	0	0	0.256	0	41	40	100	298	0	0	1	0	0	0	0	0	0	0	0
Sample Nitrogen #3	80	150	5.13	19.22	68	0.42	0	0	1.7	0	0	0	0	0	1.61	0	0	0.321	0	41	40	200	298	0	0	1	0	0	0	0	0	0	0	0
Sample Nitrogen #4	80	150	3.71	19.22	70	0.42	0	0	1.7	0	0	0	0	0	1.61	0	0	0.373	0	41	40	300	298	0	0	1	0	0	0	0	0	0	0	0
Sample Nitrogen #5	80	150	0.13	19.22	73	0.42	0	0	1.7	0	0	0	0	0	1.61	0	0	0.45	0	41	40	500	298	0	0	1	0	0	0	0	0	0	0	0
Sample Nitrogen #1	80	150	8.56	19.22	65	0.42	0	0	1.7	0	0	0	0	0	1.61	0	0	0	0	41	40	4900	298	0	0	1	0.05	0	0	0	0	0	0	0
Sample Nitrogen #2	80	150	7.1	19.22	66	0.42	0	0	1.7	0	0	0	0	0	1.61	0	0	0.256	0	41	40	1300	298	0	0	1	0.05	0	0	0	0	0	0	0
Sample Nitrogen #3	80	150	5.13	19.22	68	0.42	0	0	1.7	0	0	0	0	0	1.61	0	0	0.321	0	41	40	200	298	0	0	1	0.05	0	0	0	0	0	0	0
Sample Nitrogen #4	80	150	3.71	19.22	70	0.42	0	0	1.7	0	0	0	0	0	1.61	0	0	0.373	0	41	40	500	298	0	0	1	0.05	0	0	0	0	0	0	0
Sample Nitrogen #5	80	150	0.13	19.22	73	0.42	0	0	1.7	0	0	0	0	0	1.61	0	0	0.45	0	41	40	1300	298	0	0	1	0.05	0	0	0	0	0	0	0
Sample Nitrogen #1	80	150	8.56	19.22	65	0.42	0	0	1.7	0	0	0	0	0	1.61	0	0	0	0	41	40	3700	298	0	0	1	0.33	0	0	0	0	0	0	0
Sample Nitrogen #2	80	150	7.1	19.22	66	0.42	0	0	1.7	0	0	0	0	0	1.61	0	0	0.256	0	41	40	800	298	0	0	1	0.33	0	0	0	0	0	0	0
Sample Nitrogen #3	80	150	5.13	19.22	68	0.42	0	0	1.7	0	0	0	0	0	1.61	0	0	0.321	0	41	40	200	298	0	0	1	0.33	0	0	0	0	0	0	0
Sample Nitrogen #4	80	150	3.71	19.22	70	0.42	0	0	1.7	0	0	0	0	0	1.61	0	0	0.373	0	41	40	900	298	0	0	1	0.33	0	0	0	0	0	0	0
Sample Nitrogen #5	80	150	0.13	19.22	73	0.42	0	0	1.7	0	0	0	0	0	1.61	0	0	0.45	0	41	40	1500	298	0	0	1	0.33	0	0	0	0	0	0	0
B10	7.62	103.4	10	5	1.5	0.05	87	0	17	0	0	0	0.01	0	1	0	0.5	0	0.2	34	35	14.5	298	0	0	3.5	0	0	0	0	0	0	0	0
B10	7.62	103.4	10	5	1.5	0.05	87	0	17	0	0	0	0.01	0	1	0	0.5	0	0.2	34	35	14	298	0	0	3.5	0	0	0	0	0	0	0	0
B10	7.62	103.4	10	5	1.5	0.05	87	0	17	0	0	0	0.01	0	1	0	0.5	0	0.2	34	35	13.5	298	0	0	3.5	0	0	0	0	0	0	0	0
B10	7.62	103.4	10	5	1.5	0.05	87	0	17	0	0	0	0.01	0	1	0	0.5	0	0.2	34	35	18	298	0	0	3.5	0	0	0	0	0	0	0	0
B10	7.62	103.4	10	5	1.5	0.05	87	0	17	0	0	0	0.01	0	1	0	0.5	0	0.2	34	35	15	298	0	0	3.5	0	0	0	0	0	0	0	0
B10	7.62	103.4	10	5	1.5	0.05	87	0	17	0	0	0	0.01	0	1	0	0.5	0	0.2	34	35	11	298	0	0	3.5	0	0	0	0	0	1	0	0
B10	7.62	103.4	10	5	1.5	0.05	87	0	17	0	0	0	0.01	0	1	0	0.5	0	0.2	34	35	9.4	296	0	0	3.5	0	0	0	0.01	0	0	0	0
B10	7.62	103.4	10	5	1.5	0.05	87	0	17	0	0	0	0.01	0	1	0	0.5	0	0.2	34	35	3.9	296	0	0	3.5	0	0	0	1	0	0	0	0
B10	7.62	103.4	10	5	1.5	0.05	87	0	17	0	0	0	0.01	0	1	0	0.5	0	0.2	34	35	2	296	0	0	3.5	0	0	0	0	0	0	0	0
B10	7.62	103.4	10	5	1.5	0.05	87	0	17	0	0	0	0.01	0	1	0	0.5	0	0.2	34	35	15.8	323	0	0	3.5	0	0	0	0.01	0	0	0	0
B10	7.62	103.4	10	5	1.5	0.05	87	0	17	0	0	0	0.01	0	1	0	0.5	0	0.2	34	35	7.1	323	0	0	3.5	0	0	0	1	0	0	0	0
B10	7.62	103.4	10	5	1.5	0.05	87	0	17	0	0	0	0.01	0	1	0	0.5	0	0.2	34	35	3	323	0	0	3.5	0	0	0	0	0	0	0	0
B10	7.62	103.4	10	5	1.5	0.05	87	0	17	0	0	0	0.01	0	1	0	0.5	0	0.2	34	35	55.7	353	0	0	3.5	0	0	0	0.01	0	0	0	0
B10	7.62	103.4	10	5	1.5	0.05	87	0	17	0	0	0	0.01	0	1	0	0.5	0	0.2	34	35	16	353	0	0	3.5	0	0	0	1	0	0	0	0
B10	7.62	103.4	10	5	1.5	0.05	87	0	17	0	0	0	0.01	0	1	0	0.5	0	0.2	34	35	7.7	353	0	0	3.5	0	0	0	0	0	0	0	0
B10	7.62	103.4	10	5	1.6	0.05	87	0	17	0	0	0	0.01	0	1	0	0.5	0	0.2	34	35	10.8	298	0	0	3.5	0	0	0	0	0	1	0	0
B10	7.62	103.4	10	5	1.6	0.05	87	0	17	0	0	0	0.01	0	1	0	0.5	0	0.2	34	35	162.9	298	0	0	3.5	0	0	0	0	0	1	0	3
B10	7.62	103.4	10	5	1.6	0.05	87	0	17	0	0	0	0.01	0	1	0	0.5	0	0.2	34	35	196	298	0	0	3.5	0	0	0	0	0	1	0	5
B10	7.62	103.4	10	5	1.6	0.05	87	0	17	0	0	0	0.01	0	1	0	0.5	0	0.2	34	35	212	298	0	0	3.5	0	0	0	0	0	1	0	7
B10	7.62	103.4	10	5	1.6	0.05	87	0	17	0	0	0	0.01	0	1	0	0.5	0	0.2	34	35	188.5	298	0	0	3.5	0	0	0	0	0	1	0	3
B10	7.62	103.4	10	5	1.3	0.05	87	0	17	0	0	0	0.01	0	1	0	0.5	0	0.2	34	35	12.3	298	0	0	3.5	0	0	0	0	0	1	0	0
B10	7.62	103.4	10	5	1.3	0.05	87	0	17	0	0	0	0.01	0	1	0	0.5	0	0.2	34	35	163.2	298	0	0	3.5	0	0	0	0	0	1	0	3
B10	7.62	103.4	10	5	1.3	0.05	87	0	17	0	0	0	0.01	0	1	0	0.5	0	0.2	34	35	201.3	298	0	0	3.5	0	0	0	0	0	1	0	5
B10	7.62	103.4	10	5	1.3	0.05	87	0	17	0	0	0	0.01	0	1	0	0.5	0	0.2	34	35	209.3	298	0	0	3.5	0	0	0	0	0	1	0	7
B10	7.62	103.4	10	5	1.3	0.05	87	0	17	0	0	0	0.01	0	1	0	0.5	0	0.2	34	35	180.8	298	0	0	3.5	0	0	0	0	0	1	0	3
825	20.15	196	43	19.5	30	2.2	0	1	0	0	0	0	0	0	0	0	3	0	0	28	5	10	298	0	1	0	0	0	6	0	0	0	0	0
825	20.15	196	43	19.5	30	2.2	0	1	0	0	0	0	0	0	0	0	3	0	0	28	5	10	298	0	0.01	4	0	0	0	0	0.1	0	0	0
716	42	200	57	19	18	0	0	1.4	0	0.3	3.4	0	0	0	0	0	7	0	0	42	35	10	298	0	0.01	4	0	0	0	0	0.1	0	0	0
725	42	204	57	19	18	0	0	1.4	0	0.3	3.4	0	0	0	0	0	7	0	0	42	25	10	298	0	1	0	0	0	6	0	0	0	0	0
725	42	204	57	19	18	0	0	1.4	0	0.3	3.4	0	0	0	0	0	7	0	0	42	25	10	298	0	1.2	0	2	11.5	1	0	0	0	0	0
725	42	204	57	19	18	0	0	1.4	0	0.3	3.4	0	0	0	0	0	7	0	0	42	25	10	298	0	0.01	4	0	0	0	0	0.1	0	0	0
625	43.18	180	62	20	0	0	0	0	0	0	3.7	0	0	0	0	0	8	0	0	46	40	10	298	0	1	0	0	0	6	0	0	0	0	0
625	43.18	180	62	20	0	0	0	0	0	0	3.7	0	0	0	0	0	8	0	0	46	40	10	298	0	1.2	0	2	11.5	1	0	0	0	0	0
625	43.18	180	62	20	0	0	0	0	0	0	3.7	0	0	0	0	0	8	0	0	46	40	10	298	0	0.01	4	0	0	0	0	0.1	0	0	0
C-22	50	206	59	20	3	0	0	2.5	3	0	0	0	0	0	0	0	12.5	0	0	65	75	10	298	0	1	0	0	0	6	0	0	0	0	0
C-22	50	206	59	20	3	0	0	2.5	3	0	0	0	0	0	0	0	12.5	0	0	65	105	10	298	0	1.2	0	2	11.5	1	0	0	0	0	0
C-22	50	206	59	20	3	0	0	2.5	3	0	0	0	0	0	0	0	12.5	0	0	65	102	10	298	0	0.01	4	0	0	0	0	0.1	0	0	0
C-276	40	205	59	14.5	5	0	0	3	0	0	0	0	0	0	0	0	15	0	0	69	50	10	298	0	1	0	0	0	6	0	0	0	0	0
C-276	40	205	59	14.5	5	0	0	3	0	0	0	0	0	0	0	0	15	0	0	69	105	10	298	0	1.2	0	2	11.5	1	0	0	0	0	0
C-276	40	205	59	14.5	5	0	0	3	0	0	0	0	0	0	0	0	15	0	0	69	80	10	298	0	0.01	4	0	0	0	0	0.1	0	0	0
C22 HS	50	206	59	20	0	0	0	0	0	0	0	0	0	0	0	0	15.5	0	0	71	100	10	298	0	1	0	0	0	6	0	0	0	0	0
59	45	210	59	22	1	0	0	0	0	0	0	0	0	0	0	0	15	0	0	72	110	10	298	0	1.2	0	2	11.5	1	0	0	0	0	0
686	45	207	46	19	5	0	0	0	3	0	0	0	0	0	0	0	15	0	0	73	110	10	298	0	1.2	0	2	11.5	1	0	0	0	0	0
625	43.18	180	62	21	0	0	0	0	0	0	3.7	0	0	0	0	0	9	0	0	46	40	18760	352	0	20	0	0	0	0	0	0	0	0	0
C-22	50	206	59	20	3	0	0	2.5	3	0	0	0	0	0	0	0	12.5	0	0	65	80	340	352	0	20	0	0	0	0	0	0	0	0	0
C-276	40	205	59	14.5	5	0	0	3	0	0	0	0	0	0	0	0	15	0	0	69	55	510	352	0	20	0	0	0	0	0	0	0	0	0
C-2000	35	206	59	23	0	0	1.6	0	0	0	0	0	0	0	0	0	16	0	0	47	80	400	352	0	20	0	0	0	0	0	0	0	0	0
625	43.18	180	61	21.5	2.5	0	0	0	0	0	3.6	0	0	0	0	0	9	0	0	40.8	40	10	298	0	0	0	0.6	0	0	0	0	0	0	45.7
825	20.15	196	42	21.5	28	0	2	0	0	0	0	0	0	0	0	0	3	0	0	26	5	8	298	0	0	0	0.6	0	0	0	0	0	0	45.7
K-500	40	179	64.7	0	1	0	30.2	0.6	0	2.7	0	0	0	0	0	0	0	0	0	31	30	10	298	0	0	0	0.6	0	0	0	0	0	0	45.7
400	40	192	65.1	0	1.6	0	32	0	0	0	0	0	0	0	1.1	0	0	0	0	1	1	10	298	0	0	0	0.6	0	0	0	0	0	0	45.7
200	40	180	99.6	0	0	0.04	0	0	0	0	0	0	0	0	0	0	0	0	0	1	1	401000	298	0	0	0	0.6	0	0	0	0	0	0	45.7
27-7MO	40	191	27	22	0	0	0	0	0	0	0	0	0	0	0	0	7.2	0.34	0	41.6	45	20	323	0	0.5	0	0	0	0	0	0	0	0	0
27-7MO	40	191	27	22	0	0	0	0	0	0	0	0	0	0	0	0	7.2	0.34	0	41.6	45	33	323	0	1	0	0	0	0	0	0	0	0	0
27-7MO	40	191	27	22	0	0	0	0	0	0	0	0	0	0	0	0	7.2	0.34	0	41.6	45	10	323	0	5	0	0	0	0	0	0	0	0	0
27-7MO	40	191	27	22	0	0	0	0	0	0	0	0	0	0	0	0	7.2	0.34	0	41.6	45	360	323	0	0	0	0	95	0	0	0	0	0	0
27-7MO	40	191	27	22	0	0	0	0	0	0	0	0	0	0	0	0	7.2	0.34	0	41.6	45	10	323	0	2	0	0	10	0	0	0	0	0	0
27-7MO	40	191	27	22	0	0	0	0	0	0	0	0	0	0	0	0	7.2	0.34	0	41.6	45	25	363	0	0	0	0	10	0	0	0	0	0	0
25-6MO	40	188	25	20	0	0	0	0	0	0	0	0	0	0	0	0	6.5	0.2	0	35.8	35	5	323	0	0.5	0	0	0	0	0	0	0	0	0
25-6MO	40	188	25	20	0	0	0	0	0	0	0	0	0	0	0	0	6.5	0.2	0	35.8	35	5540	323	0	1	0	0	0	0	0	0	0	0	0
25-6MO	40	188	25	20	0	0	0	0	0	0	0	0	0	0	0	0	6.5	0.2	0	35.8	35	1140	323	0	5	0	0	0	0	0	0	0	0	0
25-6MO	40	188	25	20	0	0	0	0	0	0	0	0	0	0	0	0	6.5	0.2	0	35.8	35	460	323	0	0	0	0	95	0	0	0	0	0	0
25-6MO	40	188	25	20	0	0	0	0	0	0	0	0	0	0	0	0	6.5	0.2	0	35.8	35	740	323	0	2	0	0	10	0	0	0	0	0	0
25-6MO	40	188	25	20	0	0	0	0	0	0	0	0	0	0	0	0	6.5	0.2	0	35.8	35	840	363	0	0	0	0	10	0	0	0	0	0	0
625	43.18	206	62	20	0	0	0	0	0	0	3.7	0	0	0	0	0	8	0	0	40.2	35	18	323	0	0.5	0	0	0	0	0	0	0	0	0
625	43.18	206	62	20	0	0	0	0	0	0	3.8	0	0	0	0	0	8	0	0	40.2	35	380	323	0	1	0	0	0	0	0	0	0	0	0
625	43.18	206	62	20	0	0	0	0	0	0	3.9	0	0	0	0	0	8	0	0	40.2	35	10	323	0	5	0	0	0	0	0	0	0	0	0
625	43.18	206	62	20	0	0	0	0	0	0	3.10	0	0	0	0	0	8	0	0	40.2	35	1220	323	0	0	0	0	95	0	0	0	0	0	0
625	43.18	206	62	20	0	0	0	0	0	0	3.11	0	0	0	0	0	8	0	0	40.2	35	10	323	0	2	0	0	10	0	0	0	0	0	0
625	43.18	206	62	20	0	0	0	0	0	0	3.12	0	0	0	0	0	8	0	0	40.2	35	40	363	0	0	0	0	10	0	0	0	0	0	0
C-276	50	205	59	14.5	5	0	0	3	0	0	0	0	0	0	0	0	15	0	0	45.2	50	165	323	0	1	0	0	0	0	0	0	0	0	0
C-276	50	205	59	14.6	5	0	0	3	0	0	0	0	0	0	0	0	15	0	0	45.2	50	13	323	0	5	0	0	0	0	0	0	0	0	0
C-276	50	205	59	14.7	5	0	0	3	0	0	0	0	0	0	0	0	15	0	0	45.2	50	2.5	323	0	0	0	0	95	0	0	0	0	0	0
C-276	50	205	59	14.8	5	0	0	3	0	0	0	0	0	0	0	0	15	0	0	45.2	50	10	323	0	2	0	0	10	0	0	0	0	0	0
C-276	50	205	59	14.9	5	0	0	3	0	0	0	0	0	0	0	0	15	0	0	45.2	50	10	363	0	0	0	0	10	0	0	0	0	0	0
304	2.29	203	10.5	20	78	0.08	0	0	0	0	0	0	0.03	0.045	2	0.75	0	0.1	20	23	5	130	422	0	0	0	0	10	0	0	0	0	0	0
304	2.29	203	10.5	20	78	0.08	0	0	0	0	0	0	0.03	0.045	2	0.75	0	0.1	20	23	5	250	422	0	0	0	0	20	0	0	0	0	0	0
304	2.29	203	10.5	20	78	0.08	0	0	0	0	0	0	0.03	0.045	2	0.75	0	0.1	20	23	5	430	422	0	0	0	0	30	0	0	0	0	0	0
304L	2.529	203	12	20	75	0.03	0	0	0	0	0	0	0.03	0.045	2	0.75	0	0.1	21	23	5	110	422	0	0	0	0	10	0	0	0	0	0	0
304L	2.529	203	12	20	75	0.03	0	0	0	0	0	0	0.03	0.045	2	0.75	0	0.1	21	23	5	220	422	0	0	0	0	20	0	0	0	0	0	0
304L	2.529	203	12	20	75	0.03	0	0	0	0	0	0	0.03	0.045	2	0.75	0	0.1	21	23	5	390	422	0	0	0	0	30	0	0	0	0	0	0
304H	2.609	203	10.5	20	78	0.04	0	0	0	0	0	0	0.03	0.045	2	0.75	0	0.1	19	23	5	140	422	0	0	0	0	10	0	0	0	0	0	0
304H	2.609	203	10.5	20	78	0.04	0	0	0	0	0	0	0.03	0.045	2	0.75	0	0.1	19	23	5	240	422	0	0	0	0	20	0	0	0	0	0	0
304H	2.609	203	10.5	20	78	0.04	0	0	0	0	0	0	0.03	0.045	2	0.75	0	0.1	19	23	5	460	422	0	0	0	0	30	0	0	0	0	0	0